رقم,الفعل / الخطوة,المشكلة اللي ظهرت,الحل اللي عملناه,الملف / الأداة,النتيجة
1,"فحص البيئة (نظام، معالج، أدوات)","الاكتشاف إن كلود شغّال على سيرفر Linux سحابي مش على الماك","وضّحنا الفرق: التحميل لازم يتم على جهازك مش على السيرفر","—","تم ✅"
2,"بناء أداة الأرشفة الكاملة","—","سكربت بيفحص الأدوات، يثبّت الناقص، يجرّب، وينزّل البروفايل كله","Run_OG_TikTok_Downloader.command","تم ✅"
3,"تشغيل الأداة على الماك","وقفت عند سطر 193: pkg?: unbound variable","شخّصنا: النسخة على الديسكتوب كانت قديمة + مشكلة مصفوفة فاضية مع set -u","Run_OG_TikTok_Downloader.command","تم التشخيص ✅"
4,"إصلاح توافق bash 3.2 (نسخة الماك القديمة)","مصفوفة COOKIE_OPTS الفاضية + set -u بتوقف السكربت","استخدمنا الصيغة الآمنة ${arr[@]+""${arr[@]}""} وأضفنا علامة Build","Run_OG_TikTok_Downloader.command","تم ✅"
5,"التحقق من السكربت قبل التسليم","—","شغّلنا bash -n + shellcheck + تشغيل كامل من غير أخطاء","—","نجح ✅"
6,"اختبار التحميل من سيرفر كلود نفسه","تيك توك رجّع 403 على البروفايل وعلى الفيديو الواحد","اتأكدنا إن السيرفر السحابي محجوب — التحميل لازم من الماك","—","تم التأكيد ✅"
7,"بناء أداة بسيطة: الصق لينك → نزّل","الأداة الكاملة كانت معقّدة على المستخدم","سكربت صغير: لينك واحد → فيديو على الديسكتوب","Tiktok_Paste_Link_Download.command","تم ✅"
8,"تشغيل الأداة البسيطة على الماك","فشلت: استخدمت --impersonate chrome من غير ما curl_cffi يكون متركّب فطلّعت Traceback في كل المحاولات","ثبّتنا yt-dlp[default] (فيه curl_cffi) + اكتشاف البصمة صح بـ --list-impersonate-targets","Tiktok_Paste_Link_Download.command","تم الإصلاح ✅"
9,"تحميل فيديو","نزل بس من غير صوت","غيّرنا صيغة التحميل لـ best[acodec!=none][vcodec!=none] (الملف الكامل اللي الصوت جواه)","Tiktok_Paste_Link_Download.command","تم الإصلاح ✅"
10,"تحميل فيديو بالصوت","—","—","Tiktok_Paste_Link_Download.command","نجح بالصوت ✅"
11,"تحميل كل فيديوهات الحساب + قائمة لينكات","التحميل واحد واحد متعب","طوّرنا الأداة: لينك البروفايل → قائمة all_video_links.txt + تحميل الكل + تخطّي المكرّر","Tiktok_Paste_Link_Download.command","تم ✅"
12,"توثيق الجلسة + دليل بناء الأدوات","—","عملنا الشيت ده + ملخص + قالب أدوات","ACTIONS_SHEET.csv / SESSION_SUMMARY_AND_TOOLS_GUIDE.md / template_tool.command","تم ✅"
